epoch,Platelets,RBC,WBC,
1,0.00395,0.04274,0.01944,
2,0.19079,0.04432,0.29722,
3,0.29079,0.05714,0.55278,
4,0.32105,0.05751,0.73333,
5,0.31184,0.05812,0.78333,
6,0.29474,0.05958,0.79167,
7,0.28816,0.06447,0.80972,
8,0.29605,0.06569,0.80972,
9,0.29474,0.06398,0.81528,
10,0.30132,0.06545,0.80972,
11,0.28421,0.06764,0.8,
12,0.29079,0.06691,0.79444,
13,0.29605,0.0663,0.79861,
14,0.3,0.06679,0.79306,
15,0.30526,0.06667,0.7875,
16,0.30526,0.06691,0.78611,
17,0.30658,0.06874,0.78611,
