epoch,Platelets,RBC,WBC,
1,0.00113,0.07614,0.00356,
2,0.19881,0.07965,0.23196,
3,0.32744,0.10204,0.50376,
4,0.36486,0.1032,0.69748,
5,0.35794,0.10439,0.76928,
6,0.34282,0.10692,0.78458,
7,0.33943,0.11521,0.79777,
8,0.34523,0.11732,0.7987,
9,0.33934,0.11476,0.80239,
10,0.34486,0.11719,0.7972,
11,0.33217,0.12083,0.78763,
12,0.33794,0.11959,0.78297,
13,0.34233,0.11852,0.78619,
14,0.34341,0.11929,0.78089,
15,0.34427,0.11902,0.77414,
16,0.34081,0.11941,0.77256,
17,0.3449,0.12228,0.7733,
