epoch,Platelets,RBC,WBC,
17,0.3967784643173218,0.5355257391929626,0.7403585314750671,
