epoch,Platelets,RBC,WBC,
1,0.00066,0.34864,0.00196,
2,0.20753,0.39232,0.1902,
3,0.37466,0.47621,0.46273,
4,0.42252,0.502,0.66496,
5,0.42003,0.51224,0.75573,
6,0.40965,0.52001,0.77763,
7,0.41291,0.54101,0.78617,
8,0.41399,0.54833,0.78798,
9,0.39986,0.55635,0.78989,
10,0.40313,0.55959,0.78505,
11,0.39959,0.56514,0.77564,
12,0.40334,0.56207,0.77183,
13,0.40574,0.55809,0.77415,
14,0.40151,0.55744,0.76909,
15,0.39471,0.55415,0.76123,
16,0.38571,0.55431,0.75947,
17,0.39417,0.55301,0.7609,
