epoch,Platelets,RBC,WBC,
17,0.3967784643173218,0.5355257391929626,0.7403585314750671,
1,0.00066,0.34864,0.00196,
2,0.20753,0.39232,0.1902,
3,0.37466,0.47621,0.46273,
4,0.42252,0.502,0.66496,
5,0.42003,0.51224,0.75573,
6,0.40965,0.52001,0.77763,
7,0.41291,0.54101,0.78617,
8,0.41399,0.54833,0.78798,
9,0.39986,0.55635,0.78989,
10,0.40313,0.55959,0.78505,
11,0.39959,0.56514,0.77564,
12,0.40334,0.56207,0.77183,
