epoch, f, mAP, mAP@50IoU, mAP@75IoU, mAP_smallm, AP_medium, mAP_large, AR@1, AR@10, AR@100, AR@100small, AR@100medium, AR@100large
18,0.45670286819344885,0.56176573,0.84812766,0.65385056,0.38757434,0.6006967,0.38817388,0.38474658,0.6294374,0.707952,0.5470588,0.72721606,0.8014337
