epoch, f, mAP, mAP@50IoU, mAP@75IoU, mAP_smallm, AP_medium, mAP_large, AR@1, AR@10, AR@100, AR@100small, AR@100medium, AR@100large
18,0.4643224420096636,0.5793443,0.8519916,0.67747647,0.39300048,0.6159299,0.5503037,0.38740736,0.64019984,0.7137041,0.54901963,0.7360916,0.8268817
